nome,telefone,endereco,decanato,missas_texto,confissoes_texto,url,latitude,longitude
Coração Eucarístico de Jesus e Santa Marina - Arquidiocese de São Paulo,(11) 2296-4246,"Rua Engenheiro Pegado, 374 - Vila Carrão",São Lucas,"Domingo: 07h, 09h, 10h30 e 18h00 Segunda-feira: 15h00 Quarta-feira: 19h30 Quinta-feira: 19h30 Sexta-feira: 9h30 Sábado: 15h00 1º sexta-feira do mês: 15h00 1º sábado do mês: 07h30",,https://arquisp.org.br/regiao-belem/paroquia-coracao-eucaristico-de-jesus-e-santa-marina/,-23.5480060,-46.5421617
Cristo Rei - Arquidiocese de São Paulo,(11) 2295-1685,"Rua Maria Eugênia, 104, Tatuapé",São Lucas,,,https://arquisp.org.br/regiao-belem/paroquia-cristo-rei/,-23.5333700,-46.5737966
Divino Espírito Santo - COHAB Teotônio Vilela - Arquidiocese de São Paulo,(11) 2705-7612,"Avenida Arquiteto Vilanova Artigas, 596, Conjunto Habitacional Teotonio Vilela",São Timóteo,Domingo: 08h Quarta-feira: 20h Sábado: 18h *Todo dia 19 do mês: 20h *Toda primeira sexta-feira do mês: 20h,,https://arquisp.org.br/regiao-belem/paroquia-divino-espirito-santo-cohab-teotonio-vilela/,-23.6110564,-46.5013631
Imaculada Conceição - Jardim Sapopemba - Arquidiocese de São Paulo,(11) 2011-8131,"Rua José Barbosa da Silva, 31, Jardim Sapopemba",São Timóteo,,,https://arquisp.org.br/regiao-belem/paroquia-imaculada-conceicao-jardim-sapopemba/,-23.6100929,-46.4946958
Imaculado Coração de Maria – Jardim Rodolfo Pirani - Arquidiocese de São Paulo,(11) 2753-1273,"Avenida Rodolfo Pirani, 445, Jardim Rodolfo Pirani",Sant’Ana e São Joaquim,"passaram então a serem celebrados na Escola Décio Ferraz Alvim e posteriormente na Escola Municipal Cláudio Manoel da Costa. No final da década de 1970, o casal Luis Antonio Barbosa e Elza Martins Barbosa doaram à Mitra Arquidiocesana de São Paulo um terreno de 459 m², na Rua 10, lote 12 quadra 42, hoje Av. Rodolfo Pirani, 445. Aos 25/12/1983, o Bispo Regional Dom Luciano Mendes de Almeida veio inaugurar a parte inferior (salão paroquial) da comunidade. A Igreja ou pavimento superior foi inaugurado, mesmo inacabado, pelo mesmo Bispo Dom Luciano aos 24/12/1989. Atividades Iniciais Além da catequese, celebrações, Grupos de Rua, Apostolado da Oração, novenas, visitas e atendimento aos doentes, festas e promoções, foram sendo iniciados outros trabalhos de desafios pastorais, como: Pastoral da Moradia ou Mutirão da Casa própria no Jd. S. Francisco em outubro de 1989. OSEM (Orientação Sócio Educativa do Menor) em 1986, MOVA (Movimento de Alfabetização) 1991, Pastoral da Criança (Ano 2000). Comunidades da Paróquia No ano de 1980 foi fundada a CEB Pe. Ezequiel Ramin na Rua Cinira Polônio nº 100 (Hoje reconstruída na mesma rua, nº 386, devido a sua desocupação e demolição em vista da construção do CEU São Rafael). Em 1990 iniciou-se a construção da CEB São Francisco e N. Sra. Aparecida na Av. Rio das Pedras, Mutirão São Francisco. Até então, a Comunidade Imaculado Coração de Maria e as demais comunidades, denominadas de Área Pastoral Ad Experimentum, pertencial à Paróquia Jesus Ressuscitado, Jd. Santa Bárbara. Com a oficialização da Paróquia Santo André Apóstolo, aos 27/02/1993, a Comunidade Imaculado Coração de Maria e toda a sua área pastoral passou a depender dessa paróquia. No dia 03/09/2001, com a vinda do Pe. Mauro Domesi na nova Área, a mesma foi por ele oficializada nessa data tornando-se paóquia. Pe. Mauro tornou-se o primeiro pároco e iniciou com os paroquianos a construção da secretaria paroquial e de um centro comunitário de evangelização aos fundos da igreja. Novos Desafios Visando a preocupação pela saúde, a Paróquia iniciou um novo empenho educativo denominado Solidariedade Orgânica aos 13/07/2002. A cada 15 dias, nos segundos e quartos sábados de cada mês, pela manhã, a paróquia recebe diretamente do interior (Ibiúna – SP), verduras, legumes e frutas totalmente orgânicos para serem repassados à população, sem atravessadores e à preço de custo. Um grupo voluntário da paróquia organiza os trabalhos. As famílias se cadastram nesse movimento de saúde, encomendam quinzenalmente os produtos e os levam para casa em beneficio da saúde. Como obra social ambiental, a paróquia criou também o denominado “Dia D Ambiental” no ano de 2007, com programas e atividades intensivas em especial no mês de setembro. Junto com o programa Dia D, desenvolve também trabalhos diversos sobre reciclagem e educação ambiental com as crianças da catequese, juventude e famílias. Arquidiocese de São Paulo História da Arquidiocese Arcebispo Metropolitano Bispos Auxiliares e Vigários Episcopais Cúria Metropolitana Tribunal Eclesiástico Arquivo Metropolitano Paróquias e Igrejas Clero Organização Pastoral Regiões e Vicariatos Região Episcopal Belém Região Episcopal Brasilândia Região Episcopal Ipiranga Região Episcopal Lapa Região Episcopal Santana Região Episcopal Sé Vicariato da Caridade Social Vicariato para a Pastoral da Comunicação Vicariato para a Educação e a Universidade Vicariato para a Pastoral da Saúde e dos Enfermos Agenda da Arquidiocese Veículos de Comunicação Assessoria de Imprensa Jornal O São Paulo Rádio 9 de Julho Folheto Povo de Deus Contato Política de Privacidade © 2025 - Arquidiocese de São Paulo",,https://arquisp.org.br/regiao-belem/paroquia-imaculado-coracao-de-maria-jardim-rodolfo-pirani/,,
Jesus Ressuscitado - Arquidiocese de São Paulo,(11) 2919-2347,"Rua Plutão, 61, Jd. Satélite Santa Bárbara",Sant’Ana e São Joaquim,"Terça sexta-feira: 7h30 Domingo: 8h, 10h e 18h Sua construção foi iniciada pelo Rvdo. Pe. Marek Michalak, um polonês da congregação de Cristo Ressuscitado em que no dia de Natal de 1973 foi colocada a pedra fundamental dando início ao erguimento da igreja. Sua inauguração é dada pela consagração do na época Arcebispo da Arquidiocese de São Paulo o Exmo Rvmo. Sr. Arcebispo Cardeal Dom Paulo Evaristo Arns aos 21/12/1977, sendo primeiro pároco o Rvdo. Pe. Inácio Stachura, da congregação de Cristo Ressuscitado. Aos 12/11/1979, foi entregue à Ordem de Santo Agostinho, sendo Prior Vice-Provincial o Pe. Paulo Luna, que foi nomeado Prior da nova comunidade agostiniana, e pároco o Pe. Ciriaco Madrigal Sancho, tendo como vigários o Pe. Luciano Andrés e Pe. Bonifácios Gutiérrez e no dia 27 de janeiro de 1980, foi constituída como casa da Ordem. Em janeiro de 1993 foi dividida em duas partes, surgindo a uma nova paróquia, a Santo André Apóstolo. Na época, ela tinha por volta de 120.000 habitantes distribuídos em 10 comunidades: Jesus Ressuscitado, São João Batista, São José Operário, Sagrado Coração de Jesus, Natividade de Maria, Imaculada, São Miguel, Santa Rita, Espírito Santo e Nossa Senhora de Lourdes. A Imagem ""Virgem dos Pobres"" A Imagem da Virgem dos Pobres veio da Bélgica e foi para a Comunidade do Tabor, mas como estava destinada a ir para a primeira Igreja construída num lugar pobre, foi doada à nossa paróquia.  Algumas pessoas da paróquia foram buscá-la e a imagem foi colocada em caminhão e os demais vieram a pé em procissão pelas ruas escuras, quando, qual foi a surpresa, chegando a procissão perto da 49° Delegacia de Polícia, já em nosso bairro, as luzes das ruas se acenderam. Nesse momento estava sendo inaugurada a iluminação de rua em São Mateus. Arquidiocese de São Paulo História da Arquidiocese Arcebispo Metropolitano Bispos Auxiliares e Vigários Episcopais Cúria Metropolitana Tribunal Eclesiástico Arquivo Metropolitano Paróquias e Igrejas Clero Organização Pastoral Regiões e Vicariatos Região Episcopal Belém Região Episcopal Brasilândia Região Episcopal Ipiranga Região Episcopal Lapa Região Episcopal Santana Região Episcopal Sé Vicariato da Caridade Social Vicariato para a Pastoral da Comunicação Vicariato para a Educação e a Universidade Vicariato para a Pastoral da Saúde e dos Enfermos Agenda da Arquidiocese Veículos de Comunicação Assessoria de Imprensa Jornal O São Paulo Rádio 9 de Julho Folheto Povo de Deus Contato Política de Privacidade © 2025 - Arquidiocese de São Paulo",,https://arquisp.org.br/regiao-belem/paroquia-jesus-ressuscitado/,,
Menino Deus - Jardim Vila Formosa - Arquidiocese de São Paulo,(11) 2216-0937,"Avenida dos Pequis, 325, Jardim Vila Formosa",São Timóteo,Domingo: 07h30 e 10h30 Quarta à sexta-feira: 08h Sábado: 19h30 Arquidiocese de São Paulo História da Arquidiocese Arcebispo Metropolitano Bispos Auxiliares e Vigários Episcopais Cúria Metropolitana Tribunal Eclesiástico Arquivo Metropolitano Paróquias e Igrejas Clero Organização Pastoral Regiões e Vicariatos Região Episcopal Belém Região Episcopal Brasilândia Região Episcopal Ipiranga Região Episcopal Lapa Região Episcopal Santana Região Episcopal Sé Vicariato da Caridade Social Vicariato para a Pastoral da Comunicação Vicariato para a Educação e a Universidade Vicariato para a Pastoral da Saúde e dos Enfermos Agenda da Arquidiocese Veículos de Comunicação Assessoria de Imprensa Jornal O São Paulo Rádio 9 de Julho Folheto Povo de Deus Contato Política de Privacidade © 2025 - Arquidiocese de São Paulo,,https://arquisp.org.br/regiao-belem/paroquia-menino-deus-jardim-vila-formosa/,,
Natividade do Senhor - Vila Guarani - Arquidiocese de São Paulo,(11) 2216-2563,"Avenida Antônio Buono, 62, Vila Guarani",Santa Maria Madalena,"eram celebradas em um simples barracão. Em 1975, o Pe. Antonio abriu um espaço na igreja para que os paroquianos pudessem se reunir para fazer as primeiras preparações para o Batismo e a Primeira Eucaristia, e também formar um grupo do Apostolado da Oração. Como na região começaram a aparecer várias igrejas brasileiras com o título “Menino Jesus de Praga”, o nome da paróquia passou a ser apenas Natividade do Senhor. Nesse mesmo ano, Dom Luciano, que era o bispo da região, pediu ao padre Antonio para providenciar uma planta para que pudesse dar início às construções da igreja. Com a ajuda do Pe. Antonio, a comunidade foi crescendo muito. Com isso, começou a realizar casamentos e várias pastorais foram se formando, como a Legião de Maria, entre outras. Conforme o tempo ia passando, a paróquia crescia cada vez mais. Com uma grande quantidade de fieis, os grupos foram divididos, pois não cabiam mais no barracão e no pequeno salão. Nessa época, as primeiras quermesses começavam a ser realizadas na paróquia, assim como também o Clube de Mães, Associação contra o Álcool, Pastoral da Criança, Vicentinos, etc. Após onze anos na paróquia, o padre Antonio, a pedido do bispo, se dirigiu a outra paróquia. Foi substituído pelo Padre João Aguiar, que veio para dar inicio às construções da igreja, mas que logo foi transferido a outra paróquia. O padre que veio em seguida foi Pe. Hildebrando, que foi responsável pela construção do salão e da parte de cima, a igreja. Depois do padre Hildebrando, veio o padre Fausto, que deu continuidade à construção e aos acabamentos da igreja. Implantou na nossa paróquia a Catequese Familiar, com a motivação de trazer as famílias para a paróquia. Pe. Fausto foi o pároco que permaneceu por mais tempo: ficou seis anos, tendo sido transferido para outra paróquia a pedido do bispo. Com sua saída, vieram Pe. Abério, Padre Francisco e Padre Sérgio Tanni, que iniciou uma nova reforma, para a construção de uma outra casa paroquial aos fundos da igreja. Quando padre Sérgio foi enviado ao Vaticano para aprofundar seus estudos, ele foi substituído pelo padre Antonio Gérios, que também alterou um pouco da igreja fazendo uma pequena reforma no altar, nas paredes, etc. No seu lugar, em 2001, veio o padre Miguel, que fez novas salas para a catequese e que saiu da paróquia para assumir a reitoria do Seminário da Arquidiocese. Depois vieram padre Neco e padre João Bosco. Atualmente, nosso pároco é padre Miguel Ângelo, um padre cheio de carisma e amigo da comunidade. Ele traz muita alegria, apoiando os fieis, e incentivando a evangelização dentro e fora da paróquia. Que Deus abençoe nossa Igreja, para que sejamos lutadores em nossa caminhada e, depois de tudo isso, podermos nos sentir felizes com tudo o que conquistamos. Arquidiocese de São Paulo História da Arquidiocese Arcebispo Metropolitano Bispos Auxiliares e Vigários Episcopais Cúria Metropolitana Tribunal Eclesiástico Arquivo Metropolitano Paróquias e Igrejas Clero Organização Pastoral Regiões e Vicariatos Região Episcopal Belém Região Episcopal Brasilândia Região Episcopal Ipiranga Região Episcopal Lapa Região Episcopal Santana Região Episcopal Sé Vicariato da Caridade Social Vicariato para a Pastoral da Comunicação Vicariato para a Educação e a Universidade Vicariato para a Pastoral da Saúde e dos Enfermos Agenda da Arquidiocese Veículos de Comunicação Assessoria de Imprensa Jornal O São Paulo Rádio 9 de Julho Folheto Povo de Deus Contato Política de Privacidade © 2025 - Arquidiocese de São Paulo",,https://arquisp.org.br/regiao-belem/paroquia-natividade-do-senhor-vila-guarani/,,
Nossa Senhora Aparecida e São Luciano - Arquidiocese de São Paulo,(11) 2211-7155,"Avenida Vila Ema, 3351, Vila Ema",Santa Maria Madalena,,,https://arquisp.org.br/regiao-belem/paroquia-nossa-senhora-aparecida-e-sao-luciano/,-23.5788885,-46.5735575
Nossa Senhora Aparecida dos Ferroviários - Arquidiocese de São Paulo,(11) 2796-6016,"Rua Almirante Brasil, 125, Mooca",Santa Maria e São José,,,https://arquisp.org.br/regiao-belem/paroquia-nossa-senhora-aparecida-ferroviarios/,-23.5482290,-46.6090629
Nossa Senhora Aparecida - Vila Formosa - Arquidiocese de São Paulo,(11) 2036-8472,"Rua Amarais, 470, Vila Carrão",São Lucas,,,https://arquisp.org.br/regiao-belem/paroquia-nossa-senhora-aparecida-vila-formosa/,-23.5617024,-46.5315566
Nossa Senhora Aparecida - Vila Nova York - Arquidiocese de São Paulo,(11) 2721-9515,"Praça Antônio Alves Vilares da Silva, 13, Vila Nova York",Sant’Ana e São Joaquim,,,https://arquisp.org.br/regiao-belem/paroquia-nossa-senhora-aparecida-vila-nova-york/,,
Nossa Senhora da Conceição - Arquidiocese de São Paulo,(11) 2093-1920,"Praça Sílvio Romero, s/nº, Cidade Mãe do Céu",São Lucas,,,https://arquisp.org.br/regiao-belem/paroquia-nossa-senhora-da-conceicao/,,
Nossa Senhora da Esperança - Parque dos Bancários - Arquidiocese de São Paulo,(11) 2726-2536,"Rua Henry Fuseti, 49 B, Parque dos Bancários",São Timóteo,,,https://arquisp.org.br/regiao-belem/paroquia-nossa-senhora-da-esperanca-parque-dos-bancarios/,,
Nossa Senhora das Flores - Arquidiocese de São Paulo,(11) 2751-9325,"Rua dos Cravos, nº 105 - Parque das Flores",Sant'Ana e São Joaquim,"Domingo: 8h e 18h Terça-feira: 19h30 Quinta-feira: 19h30 Sábado: 19h Toda primeira sexta-feira de todo mês missa às 19h No domingo, 8 de setembro de 2024, no bairro Parque das Flores, no distrito de São Mateus, zona Leste da capital, foi celebrada a missa solene de ereção canônica da Paróquia Nossa Senhora das Flores, presidida pelo Cardeal Odilo Pedro Scherer, Arcebispo Metropolitano, e concelebrada por Dom Cícero Alves de França, Bispo Auxiliar da Arquidiocese na Região Belém. Na mesma celebração, o Padre Romanus Hami, SVD, foi empossado como Pároco; e o Padre Philip Abaya, SVD, apresentado como Vigário Paroquial. A nova Paróquia foi desmembrada da Paróquia Santo André Apóstolo, no Jardim Santo André, no ano de 2021, e provisionada como área pastoral desde então. Pertencente ao Decanato Sant’Ana e São Joaquim, agora erigida canonicamente como Paróquia, abrange a igreja matriz Nossa Senhora das Flores e as comunidades Santo Antônio de Sant’Anna Galvão, Santa Paulina e São João Batista. A nova Paróquia está sob os cuidados dos Missionários do Verbo Divino da Província SVD Brasil Centro (BRC), também conhecido como Verbitas. Ao O SÃO PAULO , o Padre Romanus Hami destacou que a ereção canônica é um momento de ação de graças pelas bênçãos recebidas de Deus e pela atuante participação comunitária. “A Paróquia é o espaço de celebração e ação. Aqui como comunidade nos reunimos para celebrar os sacramentos e acolher os irmãos necessitados. Somos uma comunidade de amor, partilha e fraternidade”, disse. O Pároco mencionou que a nova Paróquia conta com 18 pastorais atuantes: “Estamos cercados por uma realidade de vulnerabilidade social, mas ricos das bênçãos de Deus, abundantes na partilha e engajados no anúncio do Reino”, afirmou, mencionando que as 18 pastorais “estão empenhadas em proclamar o Evangelho, atrair mais pessoas para a dinâmica comunitária e preocupadas com a ação social. Nossa missão é evangelizar, acolher e testemunhar o infinito amor de Deus por nós, seus filhos”. Andressa Amorim dos Santos, 25, é coordenadora da Pastoral Social e enfatizou a relevância das ações realizadas pela Paróquia às quase 80 famílias carentes que recebem mensalmente cestas básicas. “Jesus nos convoca para cuidar de quem precisa. Nossa missão é dar o pão material por meio das cestas básicas e o pão da Palavra por meio das visitas em domicílio”, disse ela, que participa da comunidade paroquial desde os 5 anos de idade. “Meus pais me trouxeram para a igreja e aqui quero continuar servindo e anunciando Jesus e o Evangelho com o desejo de fazer florescer a nossa fé cada vez mais”, afirmou. Rita Rocha Santos Barbosa é coordenadora da Pastoral Familiar. “Visitamos as famílias, os doentes, as pessoas carentes da nossa comunidade. Nossa missão é resgatar as famílias para a vivência comunitária e missionária”, disse. “Hoje vemos florescer o fruto das nossas orações com a ereção canônica da nossa Paróquia. É a confirmação divina e a proteção materna de Maria”, completou, emocionada. A devoção a Nossa Senhora das Flores, segundo a tradição, remonta à periferia da cidade de Bra, em Cuneo, Nordeste da Itália, na estrada que hoje conduz a Turim. Na noite de 29 de dezembro de 1336, Egídia Mathis, uma jovem esposa de avançada gravidez, voltava para casa por um caminho nevado que cruzava um bosque de ameixas selvagens. Era seu costume, sempre que ali passava, parar para rezar diante do pilar dedicado a Nossa Senhora. Naquela noite, enquanto rezava diante da imagem, ela foi atacada por dois soldados, que queriam violentá-la. Preocupada com a criança em seu ventre, a jovem invocou a Virgem como proteção e prontamente uma Senhora resplandecente de luz apareceu diante deles! Os soldados fugiram apavorados e Egídia caiu sentindo dores de parto. A misteriosa Senhora ajudou a jovem no parto e depois desapareceu. Com o filho nos braços, ela foi para casa para anunciar o extraordinário acontecimento. Todos os anos em Bra, um arbusto da família das rosas floresce em pleno inverno. Os botânicos estudiosos dessa planta dizem que isso é impossível, pois esta deveria florescer somente na primavera. Eis a razão para a devoção a Nossa Senhora das Flores. Há um Santuário a ela dedicado no local da aparição. No Brasil, a recém-criada Paróquia é a primeira dedicada à Nossa Senhora das Flores. A festa litúrgica é celebrada em 29 de dezembro. “A Paróquia é dedicada a Nossa Senhora das Flores, pois estamos em um bairro que se chama Parque das Flores, e as ruas no entorno têm nome de flores, então é justo homenagear a Virgem das Flores, pedindo que ela faça florescer em nossos corações as flores do amor, da paz, da justiça, da fraternidade”, enfatizou o Pároco. Emocionadas e com flores nas mãos, crianças e lideranças da comunidade entronizaram a imagem de Nossa Senhora das Flores até o altar. Na sequência, houve a leitura do decreto da ereção da Paróquia e da nomeação e provisão do Pároco e do Vigário Paroquial. Como parte do rito de posse, os Padre Romanus e Philip receberam das mãos do Cardeal Scherer o livro dos Santos Evangelhos, após terem feito sua profissão de fé; e depois do momento da oração dos fiéis, Dom Odilo entregou ao Pároco as chaves da Igreja e do sacrário, a estola roxa e o óleo do Batismo, sinais dos sacramentos que poderá administrar. Os dois presbíteros fizeram a renovação das promessas sacerdotais. Na homilia, o Arcebispo reforçou que “a paróquia é a Igreja presente no meio do povo, é uma comunidade instituída que se reúne em torno da Eucaristia e que tem um padre, o ministro de Jesus para servir a Deus e a comunidade”. O Purpurado lembrou à comunidade “Aqui, vocês são os missionários de Jesus Cristo e, devem testemunhar e viver o Evangelho; por isso, cultivem a fé, promovam a liberdade, a fraternidade nesta comunidade de irmãos. Que nosso coração seja um jardim de flores a Nossa Senhora”. A criação da Paróquia ocorreu no dia da abertura do jubileu de 150 anos dos Missionários Verbitas, congregação fundada em 1875, nos Países Baixos, tendo hoje mais de 6 mil membros, em 80 países, incluindo o Brasil, onde está desde 1895. De acordo com o Padre Cireneu Kuhn, SVD, Superior Provincial dos Verbitas, o fato de a criação ocorrer justamente no dia da abertura do jubileu de fundação da congregação é uma confirmação da missão Verbita no mundo e na Arquidiocese. “Ao celebrar os 149 anos de fundação, já nos preparando para o grande jubileu em 2025, vemos a mão de Deus nos conduzindo na missão de destruir os muros das injustiças e desigualdades e construir pontes de solidariedade e evangelização”, disse o Padre. Arquidiocese de São Paulo História da Arquidiocese Arcebispo Metropolitano Bispos Auxiliares e Vigários Episcopais Cúria Metropolitana Tribunal Eclesiástico Arquivo Metropolitano Paróquias e Igrejas Clero Organização Pastoral Regiões e Vicariatos Região Episcopal Belém Região Episcopal Brasilândia Região Episcopal Ipiranga Região Episcopal Lapa Região Episcopal Santana Região Episcopal Sé Vicariato da Caridade Social Vicariato para a Pastoral da Comunicação Vicariato para a Educação e a Universidade Vicariato para a Pastoral da Saúde e dos Enfermos Agenda da Arquidiocese Veículos de Comunicação Assessoria de Imprensa Jornal O São Paulo Rádio 9 de Julho Folheto Povo de Deus Contato Política de Privacidade © 2025 - Arquidiocese de São Paulo",,https://arquisp.org.br/regiao-belem/paroquia-nossa-senhora-das-flores/,,
Nossa Senhora das Graças - Jardim Elba - Arquidiocese de São Paulo,(11) 2703-2175,"Rua Serra de Capivaruçu, 274, Vila Renato",São Timóteo,,,https://arquisp.org.br/regiao-belem/paroquia-nossa-senhora-das-gracas-jardim-elba/,,
Nossa Senhora das Graças – Vila Antonieta - Arquidiocese de São Paulo,(11) 2726-8500,"Rua Coronel João de Oliveira Melo, 556/590, Vila Antonieta",São Timóteo,"Terça e quinta-feira: 10h Domingo: 08h, 10h e 17h Até a data da fundação de nossa Paróquia, havia nas redondezas duas Paróquias-Santuários importantes – a de Nossa Senhora da Penha (1796) e de Nossa Senhora do Sagrado Coração (1939), no Alto da Penha e na Vila Formosa, respectivamente. Os Missionários da Congregação do Sagrado Coração de Jesus faziam as desobrigas nas capelas criadas por eles e a catequese com famílias e crianças realizadas pelas Irmãs da Congregação Filha de Nossa Senhora do Sagrado Coração. Desobrigas são visitas em regiões mais distantes levando os sacramentos às populações que não dispõem de assistência religiosa regular. Por Decreto de Criação de Paróquias de 29 de maio de 1954, foi criada a Paróquia Nossa Senhora das Graças, na Vila Antonieta, e mais dez paróquias. A pedido de Paulino Gomes da Silva e Luís Garcia Pereira, a Sra. Lídia Demetri Banduk fez a doação de um lote para a construção da Igreja, em maio de 1956, e em 29 de junho do mesmo ano foi levantado o Cruzeiro bento em maio de 1956 pelo Padre Batista da Paróquia de Vila Formosa. No mesmo dia foi criada a Comissão Pró-construção da Igreja, tendo à frente Paulino Gomes da Silva, Nelson de Souza Ribeiro e Teodoro José da Silva. A escritura do lote foi passada em 02 de junho de 1958 por Ivone, uma das filhas da Sra. Lídia Demetri Banduk. Paulino ficou tão empolgado que começou a bater nas portas pedindo ajuda e animando o povo a acreditar em Deus e a colaborar na Comunidade. Deu certo! Com os donativos e o serviço voluntário de Paulino, que era pedreiro, e apenas mais um servente, compraram o material e construíram a Capela com uma área de 49 metros quadrados (7mx7m), iniciada em 1957 e concluída em dezembro de 1958. No dia 4 de janeiro de 1959 foi inaugurada a Capela, com a Santa Missa presidida pelo Padre João dos Passos e Silva. Também houve a entronização da imagem de Nossa Senhora das Graças, doada por Teodoro José da Silva, e a posse da Comissão Administrativa da Igreja e outros tantos atos. De março e agosto de 1959 o Padre Agostinho Picard deu assistência à Capela, seguido pelo Padre Nelson José Sigrist. Paulino não foi convidado para a inauguração da Igreja que construiu e foi totalmente alijado da Comunidade. A Paróquia, desde a sua criação, teve presente os Padres Missionários do Sagrado Coração de Vila Formosa e foi administrada por eles até 1966. Em 4 de Janeiro de 1959 teve a Inauguração do seu Primeiro Templo. No dia 15 de Agosto de 1966 ocorreu a Dedicação do seu Templo (feita pelo arcebispo, a Dedicação do Altar ao senhor). Em 20 de Outubro de 1966 ocorreu a posse do seu Primeiro Pároco: Padre Domingos Pires Gonçalves (ainda vivo). Depois vieram os demais, conforme relação abaixo, sendo que 4 destes párocos (do 2º ao 5º) já são falecidos. Arquidiocese de São Paulo História da Arquidiocese Arcebispo Metropolitano Bispos Auxiliares e Vigários Episcopais Cúria Metropolitana Tribunal Eclesiástico Arquivo Metropolitano Paróquias e Igrejas Clero Organização Pastoral Regiões e Vicariatos Região Episcopal Belém Região Episcopal Brasilândia Região Episcopal Ipiranga Região Episcopal Lapa Região Episcopal Santana Região Episcopal Sé Vicariato da Caridade Social Vicariato para a Pastoral da Comunicação Vicariato para a Educação e a Universidade Vicariato para a Pastoral da Saúde e dos Enfermos Agenda da Arquidiocese Veículos de Comunicação Assessoria de Imprensa Jornal O São Paulo Rádio 9 de Julho Folheto Povo de Deus Contato Política de Privacidade © 2025 - Arquidiocese de São Paulo",,https://arquisp.org.br/regiao-belem/paroquia-nossa-senhora-das-gracas-vila-antonieta/,,
Nossa Senhora das Graças - Vila Califórnia - Arquidiocese de São Paulo,(11) 2917-1167,"Rua Antenas, 582, Vila Califórnia",Santa Maria Madalena,,,https://arquisp.org.br/regiao-belem/paroquia-nossa-senhora-das-gracas-vila-california/,,
Nossa Senhora de Fátima e São Roque - Arquidiocese de São Paulo,(11) 2702-1646,"Rua José Antônio Fontes, 36, Vila Tolstoi",São Timóteo,,,https://arquisp.org.br/regiao-belem/paroquia-nossa-senhora-de-fatima-e-sao-roque/,-23.5990999,-46.5246921
Nossa Senhora de Lourdes - Arquidiocese de São Paulo,(11) 2606-8309,"Rua João Soares, 13, Quarta Parada",Santa Maria e São José,"dominicais eram celebradas a cada 15 (quinze) dias. Em casa de Olímpia Vargas, depositária da chave da Capela, era servido o café para o sacerdote celebrante que, naqueles tempos, celebrava em jejum absoluto. Também foram criadas as Associações de Nossa Senhora de Lourdes e da Santa Infância. E, em 21 de abril de 1929 foi fundada a Conferência Vicentina de Nossa Senhora de Lourdes. A comunidade cresceu, novos membros surgiram e a vida religiosa da Capela se tornou intensamente ativa. Padre Francisco foi transferido e seu substituto Padre Lino continuou a obra. Semente plantada e frutificada, Padre Lino foi substituído pelo Padre Walter Bonten, um entusiasta do movimento que assumiu a liderança, junto com os fiéis, e pode com muita alegria comemorar a elevação da Capela de Nossa Senhora de Lourdes para Paróquia de Nossa Senhora de Lourdes em 1939. Padre Walter Bonten foi designado primeiro vigário da paróquia, e dessa maneira surgiu a primeira Casa Paroquial na av. Regente Feijó, 418, propriedade cedida por da. Olímpia Vargas. nova Sacristia e Salas de Reunião e Expediente. Em 1944, a comunidade crescente e envolvida com a atividades da Paróquia, clamou por uma Igreja maior e mais espaçosa, só possível com a aquisição de um grande terreno na Rua João Soares. Ali, todo dia 11 (desde outubro de 1944) eram realizadas a benção de Nossa Senhora de Lourdes, a exemplo do que ocorria em Lourdes, na França. Multidões de fiéis começaram a frequentar o local. Em 21 de outubro de 1948 foi lançada a pedra fundamental da nova Igreja de Nossa Senhora de Lourdes, durante administração de Padre Mathias Wirtz. Em 1950, coube a Padre Clemente Dethmar a missão de construir a nova Igreja. O bairro já bastante povoado e com boas condições econômicas, abraçou fervorosa e ativamente a missão. O marco da construção inicial foi a gruta, usada em todo dia 11 para a tradicional benção. Padre Clemente e os paroquianos foram incansáveis nas inúmeras campanhas promovidas: Dos tijolos; Das tesouras (madeiramento do telhado); Das telhas; Dos vitreaux; Dos sinos; E, finalmente dos bancos. Em 11 de fevereiro de 1958 foi inaugurada a Igreja de Nossa Senhora de Lourdes, um belíssimo trabalho resultante da comunhão entre paroquianos. Toda a estrutura paroquial foi transferida para a nova Igreja e as antigas construções foram cedidas para as Irmãs Franciscanas, com o compromisso de continuar a obra de ensino, hoje Colégio Nossa Senhora de Lourdes Nos anos 60 foi realizado o acabamento da Igreja, um dos mais belos da região. Durante os anos 70, a Igreja ganhou novos salões paroquiais, dependência para velório e outras melhorias. A chegada dos anos 80 trouxe novamente para a Paróquia a comunidade ativa e novos grupos pastorais. Ainda nos anos 80, foi construída a Creche Padre José que já atendeu milhares de crianças da comunidade e de arredores.E através do Centro de Juventude os jovens foram agregados e recebem acompanhamento de estudos. Em 1988, a Congregação do Verbo Divino devolveu a adimistração da paróquia para a Arquidiocese de São Paulo, que nomeou o Pe. João Carlos Chini como pároco. Hoje, a Paróquia Nossa Senhora de Lourdes olha, orgulhosa de sua origem, para o bairro ao seu redor, lembrando que de uma escritura de doação nasceu a união da Fé com a Educação. E, do comprometimento da população com os ensinamentos de Jesus, ergueu-se a magnífica Casa do Senhor, administrada pelo atual pároco Padre Juliano Maroso Gonçalves. Arquidiocese de São Paulo História da Arquidiocese Arcebispo Metropolitano Bispos Auxiliares e Vigários Episcopais Cúria Metropolitana Tribunal Eclesiástico Arquivo Metropolitano Paróquias e Igrejas Clero Organização Pastoral Regiões e Vicariatos Região Episcopal Belém Região Episcopal Brasilândia Região Episcopal Ipiranga Região Episcopal Lapa Região Episcopal Santana Região Episcopal Sé Vicariato da Caridade Social Vicariato para a Pastoral da Comunicação Vicariato para a Educação e a Universidade Vicariato para a Pastoral da Saúde e dos Enfermos Agenda da Arquidiocese Veículos de Comunicação Assessoria de Imprensa Jornal O São Paulo Rádio 9 de Julho Folheto Povo de Deus Contato Política de Privacidade © 2025 - Arquidiocese de São Paulo",,https://arquisp.org.br/regiao-belem/paroquia-nossa-senhora-de-lourdes/,,
Nossa Senhora do Bom Conselho - Arquidiocese de São Paulo,(11) 2601-8837,"Rua da Mooca, 3911, Mooca",Santa Maria e São José,"Terça, quarta e quinta-feira: 18h Sexta e sábado: 16h Domingo: 8h, 10h e 18h",,https://arquisp.org.br/regiao-belem/paroquia-nossa-senhora-do-bom-conselho/,-23.5593064,-46.5875582
Nossa Senhora do Bom Parto - Arquidiocese de São Paulo,(11) 91740-5285,"Rua Serra do Japi, 1172 -  Vila Gomes Cardim",São Lucas,"Domingo: 7h30, 9h, 10h30 e 19h Segunda a Sábado: 7h Terça: 19h30 Sábado: 16h",,https://arquisp.org.br/regiao-belem/paroquia-nossa-senhora-do-bom-parto/,-23.5487034,-46.5682346
Nossa Senhora do Carmo - Vila Alpina - Arquidiocese de São Paulo,(11) 2917-1755,"Praça Coronel Melo Gaia, s/nº, Vila Alpina",Santa Maria Madalena,"Domingo: 7h, 9h, 11h e 18h; Segunda-feira: 15h; Quarta-feira: 19h30; Sexta-feira: 8h; Sábado: 17h",,https://arquisp.org.br/regiao-belem/paroquia-nossa-senhora-do-carmo-vila-alpina/,,
Nossa Senhora do Perpétuo Socorro - Vila Diva - Arquidiocese de São Paulo,(11) 2211-6508,"Rua Grecco, 599/613, Chácara Mafalda",Santa Maria Madalena,,,https://arquisp.org.br/regiao-belem/paroquia-nossa-senhora-do-perpetuo-socorro-vila-diva/,,
Nossa Senhora do Sagrado Coração - Arquidiocese de São Paulo,(11) 2211-0448,"Avenida Renata, 1, Vila Formosa",São Lucas,,,https://arquisp.org.br/regiao-belem/paroquia-nossa-senhora-do-sagrado-coracao/,-23.5703308,-46.5408195
Sagrada Face - Arquidiocese de São Paulo,(11) 2726-3310,"Rua Mariazinha Vicenzzoto, 41, Jardim Aricanduva",Sant’Ana e São Joaquim,,,https://arquisp.org.br/regiao-belem/paroquia-sagrada-face/,,
Sagrada Família - Vila Carrão - Arquidiocese de São Paulo,(11) 2781-3178,"Rua João Cordeiro, 772 - Vila Carrão",São Lucas,"Domingo: 07h30, 09h30 e 18h00 Segunda-feira: 15h Quarta-feira: 19h Sexta-feira: 08h",,https://arquisp.org.br/regiao-belem/paroquia-sagrada-familia-vila-carrao/,-23.5560143,-46.5301196
Santa Adélia - Arquidiocese de São Paulo,(11) 2015-8163,"Rua Cachoeira de Minas, 468, Jardim Santa Adélia",São Timóteo,Terça-feira 15h Sexta-feira: 20h Domingo: 08h e 18h,,https://arquisp.org.br/regiao-belem/paroquia-santa-adelia/,,
Santa Bernadette - Arquidiocese de São Paulo,(11) 2702-1194,"Avenida do Oratório, 4246, Vila IVG",Santa Maria Madalena,,,https://arquisp.org.br/regiao-belem/paroquia-santa-bernadette/,,
Santa Clara - Arquidiocese de São Paulo,(11) 2216-1867,"Rua Sílvio de Sousa , 223, Vila Santa Clara",Santa Maria Madalena,,,https://arquisp.org.br/regiao-belem/paroquia-santa-clara/,,
Santa Cruz - Vila Rica - Arquidiocese de São Paulo,(11) 2724-9357,"Rua Alfredo Marcondes, 191, Jardim Nice",São Timóteo,,,https://arquisp.org.br/regiao-belem/paroquia-santa-cruz-vila-rica/,,
Santa Isabel Rainha - Arquidiocese de São Paulo,(11) 2781-1048,"Alameda Rainha Santa, 322, Vila Carrão",São Lucas,,,https://arquisp.org.br/regiao-belem/paroquia-santa-isabel-rainha/,-23.5581355,-46.5392116
Santa Maria Madalena - Arquidiocese de São Paulo,(11) 2703-4831,"Avenida Primavera de Caiena, 43, Parque Santa Madalena",São Timóteo,,,https://arquisp.org.br/regiao-belem/paroquia-santa-maria-madalena/,-23.6149151,-46.5144594
Santa Rita de Cássia – Pari - Arquidiocese de São Paulo,(11) 2693-7985,"Rua Santa Rita, 799, Pari",Santa Maria e São José,,,https://arquisp.org.br/regiao-belem/paroquia-santa-rita-de-cassia-pari/,-23.5280724,-46.6075855
Santa Rosa de Lima - Vila Alpina - Arquidiocese de São Paulo,(11) 2703-2233,"Rua Salvador Mota, 296 - Vila Industrial",Santa Maria Madalena,Quarta-feira: 19h30 Domingo:7h00 e 10h30,,https://arquisp.org.br/regiao-belem/paroquia-santa-rosa-de-lima-vila-alpina/,,
Santa Teresa de Calcutá - Arquidiocese de São Paulo,(11) 4505-0516,"Estrada dos Fidélis, 42, Jardim Arantes",Sant’Ana e São Joaquim,Quinta-feira: 20h (Missa e Adoração Eucarística) Sábado: 20h Domingo: 08h,,https://arquisp.org.br/regiao-belem/paroquia-santa-teresa-de-calcuta/,-23.6197209,-46.4206476
Santíssima Trindade – Jardim Alto Alegre - Arquidiocese de São Paulo,(11) 2731-9384,"Rua Padre Jósimo Morais Tavares, 56, Jardim Alto Alegre",Sant’Ana e São Joaquim,"eram celebradas na garagem de um fiel da comunidade. Com o passar dos anos e com a presença dos Padres da Congregação do Espírito Santo – Espiritanos viu-se a necessidade de se ter um lugar maior e apropriado para celebrar a Eucaristia, já que o número de fiéis era crescente. Sensível a essa necessidade, a Senhora Raimunda, viúva do Senhor Osmar Lúcio de Alencar, doou um terreno para que fosse construída a primeira capela do bairro. Seu único pedido foi apenas que o santo padroeiro da capela fosse São João Batista, de quem seu esposo era grande devoto. Em 15 de agosto de 1980, com a ajuda dos fiéis e do Padre Patrício, CSSp, era inaugurada a primeira Igreja do Bairro Jardim Alto Alegre, a Capela São João Batista. Com o passar dos anos e com o espírito fervoroso da CEBs, novas capelas foram surgindo nos bairros vizinhos, que também estavam sob a responsabilidade dos Padres Espiritanos, dando-se assim início a Área Pastoral Minas do Rio Verde. Os sacramentos do Batismo, Crisma e Matrimônio eram arquivados nos livros da paróquia São João Batista, Jardim Colonial. Nesse período, passaram alguns Padres e Religiosas que contribuíram para o crescimento espiritual e social das comunidades, dentre eles, Padre Hugo Boyle, CSSp, Padre Hugo de Blacam, CSSp, Irmã Dirce, entre outros, que estiveram a serviço do povo de Deus. A pequena comunidade acolhia os fiéis para as Missas Dominicais que eram celebradas às 9h da manhã. Com o passar dos anos, o espaço celebrativo já não comportava o grande número de fiéis, que cada vez mais buscavam as Missas e Sacramentos. Anos depois, com a chegada do Padre Maurício Shortall, CSSp, com a ajuda de sua Congregação e com muito trabalho e doações dos leigos, um terreno para a construção de uma nova Igreja foi comprado. Ainda conhecida como Área Pastoral Minas do Rio Verde, nem se imaginava que ali naquela construção estava sendo moldado um sonho de Paróquia. Também são lembrados os Padres Mark Brendan Foley, CSSp, Padre Niall, CSSp, Padre Michael Looney, CSSp, que fizeram parte desse projeto. Em 05 de abril de 1997, com a autorização do Bispo Auxiliar da Região Belém, Dom Décio Pereira, a então Área Pastoral foi erigida a Paróquia Santíssima Trindade no bairro Jardim Alto Alegre, tendo como primeiro Pároco, o Padre Maurício Shortall, CSSp. Sendo substituído no ano de 2002 pelo Padre João Horan, CSSp, nosso segundo Pároco. Durante esses anos de serviço missionário, mais capelas foram sendo construídas, totalizando 10. Citamos as capelas: Nossa Senhora Aparecida e Nossa Senhora de Fátima no bairro Jardim Nova Vitória; Divino Espírito Santo – Jardim Laranjeiras; Sagrada Família – Jardim Bandeirantes; São José – Jardim Arantes; Santo Antonio – Jardim Leme; Santa Rita – Jardim Limoeiro; Imaculada Conceição e Nossa Senhora do Rosário – Recanto Verde do Sol e a Igreja Matriz. Citamos, ainda, as irmãs da Congregação da Beatíssima Virgem Maria, em especial a ir. Ilda que muito contribuiu com o seu serviço, dando suporte e protagonismo a Grupos eclesiais de base. No início do ano de 2008, os Padres da Congregação do Espírito Santo deixam a Paróquia, assumindo o Padre Airton Ferreira de Siqueira, no dia 30 de junho de 2008 como administrador paroquial, sendo empossado pelo Bispo Auxiliar da Região Belém, Dom Pedro Luiz Stringhini, exercendo seu ministério sacerdotal nessa Paróquia até o dia 30 de dezembro de 2010. Tendo em conta que no dia 23 de janeiro de 2011, Padre Lauro Wisnieski, Pároco da Paróquia São Mateus Apóstolo, assume como novo administrador paroquial devido a uma eventualidade que deixou a Paróquia sem um Padre responsável, até o dia 06 de fevereiro de 2013. Contudo, nessa mesma época, Padre Boris Agustín Nef Ulloa auxiliava aos finais de semana nas necessidades pastorais. Citamos também a presença missionária das Irmãs do PIME que cooperaram com a história dessa Paróquia. Tínhamos igualmente a presença do então Diácono Jefferson Mendes de Oliveira, que em dezembro de 2012 se ordenava Presbítero. Desse modo, no dia 07 de fevereiro de 2013, assume a Paróquia Santíssima Trindade, sendo o terceiro pároco, Padre Jefferson Mendes de Oliveira, empossado pelo Bispo Auxiliar de nossa Região, Dom Edmar Peron. Em seu ministério, realizou junto aos leigos, reforma de algumas Capelas, da Igreja Matriz, a construção da Capela São Pedro, organização de arquivos e documentos da Paróquia, trabalhos pastorais e sociais, até o dia 03 de fevereiro de 2018, sendo instrumento de Cristo com seu carisma e serviço na vida do povo. Muitos vigários caminharam com a comunidade, como Pe. Rodrigo Aguiar Freitas, Pe. Everton Augusto de Souza, Pe. Luciano Louzan, dentre outros que somente temos a agradecer pelo dom de servir a Igreja em virtude do sacramento da Ordem e Ministério, segundo a vocação dada por Deus. Mais recentemente um novo Pastor nos foi apresentado, Padre Francisco Reginaldo Henriques de Miranda, sendo empossado no dia 04 de fevereiro de 2018, pelo Bispo Auxiliar da Região Belém Dom Luiz Carlos Dias, exercendo seu Ministério Sacerdotal com alegria a serviço da Paróquia Santíssima Trindade. No dia 18 de outubro de 2020, pelo Bispo Auxiliar Dom Luiz Carlos Dias, nossa Pároquia foi dividida em duas para melhor trabalho Pastoral, permanecendo junto a nossa a Igreja Matriz e as Capelas Divino Espírito Santo, Sagrada Família, Nossa Senhora Aparecida e Nossa Senhora de Fátima. Arquidiocese de São Paulo História da Arquidiocese Arcebispo Metropolitano Bispos Auxiliares e Vigários Episcopais Cúria Metropolitana Tribunal Eclesiástico Arquivo Metropolitano Paróquias e Igrejas Clero Organização Pastoral Regiões e Vicariatos Região Episcopal Belém Região Episcopal Brasilândia Região Episcopal Ipiranga Região Episcopal Lapa Região Episcopal Santana Região Episcopal Sé Vicariato da Caridade Social Vicariato para a Pastoral da Comunicação Vicariato para a Educação e a Universidade Vicariato para a Pastoral da Saúde e dos Enfermos Agenda da Arquidiocese Veículos de Comunicação Assessoria de Imprensa Jornal O São Paulo Rádio 9 de Julho Folheto Povo de Deus Contato Política de Privacidade © 2025 - Arquidiocese de São Paulo",,https://arquisp.org.br/regiao-belem/paroquia-santissima-trindade-jardim-alto-alegre/,,
Santo André Apóstolo - Arquidiocese de São Paulo,(11) 2753-0961,"Rua Dias Moreia, 18, Jardim Santo André",Sant’Ana e São Joaquim,Domingo: 08h e 18h30 Quarta-feira: 8h Quinta-feira: 19h30 Sexta e sábado: 8h,,https://arquisp.org.br/regiao-belem/paroquia-santo-andre-apostolo/,,
Santo Antônio de Lisboa - Arquidiocese de São Paulo,(11) 2097-5493,"Rua Euclides Pacheco, 1980, Vila Gomes Cardim",São Lucas,,,https://arquisp.org.br/regiao-belem/paroquia-santo-antonio-de-lisboa/,-23.5464555,-46.5594983
Santo Antônio de Pádua - Chácara Mafalda - Arquidiocese de São Paulo,(11) 2674-4063,"Travessa Montemagno, 842, Chácara Belenzinho",Santa Maria Madalena,,,https://arquisp.org.br/regiao-belem/paroquia-santo-antonio-de-padua-chacara-mafalda/,,
São Benedito das Vitórias - Arquidiocese de São Paulo,(11) 2674-3559,"Praça Nossa Senhora das Vitórias, 137, Vila Formosa",São Lucas,"Terça, quinta e sexta-feira: 19h30 Quarta-feira: 15h Sábado: 08h Domingo: 09h, 11h e 19h",,https://arquisp.org.br/regiao-belem/paroquia-sao-benedito-das-vitorias/,-23.5637688,-46.5483774
São Carlos Borromeu – Belém - Arquidiocese de São Paulo,"(11)
2081-7096","Rua Conselheiro Cotegipe, 933 - Belenzinho",Santa Maria e São José,"De segunda a sexta, às 7h Segunda também às 19h30 Sábado, às 15h Domingo, às 8h, 10h30 e 19h A Paróquia São Carlos Borromeu do Belenzinho é muito conhecida em sua região por possuir uma moderna arquitetura com inúmeros e belíssimos vitrais que chamam atenção, além de contar com 03 grandes salões de festas anexos , o que faz com que muitos noivos a escolham para se casar, mas com certeza esses não são os únicos fatores. A Paróquia São Carlos Borromeu possui uma comunidade viva e dinâmica voltada principalmente para a família. Realiza todo ano encontros de casais , conta com  várias pastorais e movimentos que abrangem desde a criança até o idoso. 1948- A Igreja São Carlos Borromeu foi desmembrada da Paróquia São José do Belém e escolhida pelos Agostinianos para ser a Casa Canônica dos Religiosos Agostinianos da Província de Castela. 1948- Instalação da comunidade agostiniana em São Paulo formada pelo Padre Vicário, Antimo Del Pozo, Padres João Garcia e Anacleto Alvarez na casa de número 922, alugada pelo Conselho Vicarial na Rua Conselheiro Cotegipe. 1950- Nomeação do Pe. Antimo Del Pozo como primeiro vigário da Paróquia São Carlos Borromeu pelo Cardeal de São Paulo. 1962 – Aprovação do projeto da nova igreja, casa paroquial e centro social, elaborado pelo arquiteto Dr. Gyula Schawab, a pedido do então vigário, Pe. Valentin Diez, o Conselho Vicarial, sob responsabilidade do Pe. Matias Boñar. 1972 – Inauguração da Paróquia na arquitetura atual com a celebração Eucarística presidida pelo Cardeal da Arquidiocese do Estado de São Paulo, Dom Paulo Evaristo Arns, concelebrada pelo Revmo. Padre Provincial da Espanha, Aureliano Garcia, Padre Vicário Provincial do Brasil, Valentin Diez, contando também com a presença do Sr. Governador do Estado, Laudo Natel, além de autoridades civis e militares. Arquidiocese de São Paulo História da Arquidiocese Arcebispo Metropolitano Bispos Auxiliares e Vigários Episcopais Cúria Metropolitana Tribunal Eclesiástico Arquivo Metropolitano Paróquias e Igrejas Clero Organização Pastoral Regiões e Vicariatos Região Episcopal Belém Região Episcopal Brasilândia Região Episcopal Ipiranga Região Episcopal Lapa Região Episcopal Santana Região Episcopal Sé Vicariato da Caridade Social Vicariato para a Pastoral da Comunicação Vicariato para a Educação e a Universidade Vicariato para a Pastoral da Saúde e dos Enfermos Agenda da Arquidiocese Veículos de Comunicação Assessoria de Imprensa Jornal O São Paulo Rádio 9 de Julho Folheto Povo de Deus Contato Política de Privacidade © 2025 - Arquidiocese de São Paulo",,https://arquisp.org.br/regiao-belem/paroquia-sao-carlos-borromeu-belem/,-23.5367288,-46.5846851
São Carlos Borromeu – Vila Prudente - Arquidiocese de São Paulo,(11) 2965-6084,"Rua do Oratório, 3712, Vila Prudente",Santa Maria e São José,,,https://arquisp.org.br/regiao-belem/paroquia-sao-carlos-borromeu-vila-prudente/,-23.5759961,-46.5784467
São Filipe Neri - Arquidiocese de São Paulo,(11) 2211-6817,"Avenida São Lucas, 279, Parque São Lucas",Santa Maria Madalena,,,https://arquisp.org.br/regiao-belem/paroquia-sao-filipe-neri/,-23.5954228,-46.5474588
São João Batista – Brás - Arquidiocese de São Paulo,(11) 2693-8433,"Largo Senador Morais Barros , s/nº  Brás",Santa Maria e São José,"Domingo: 08h, 10h e 19h Segunda à sexta-feira: 19h Sábado: 17h O primeiro proprietário do terreno em que se acha a atual Matriz de São João Batista do Brás, na Avenida Celso Garcia, foi o Sr. João Alves de Siqueira, no ano de 1858, que em testamento deixou-o a umas pobres lavadeiras. Essas lavadeiras ganhavam o seu pão cotidiano com seu humilde trabalho, às margens de um pequeno riacho, cujas águas se têm diminuído muito, correm perto da Matriz; porém agora canalizadas pela municipalidade. Com o correr dos tempos morreram as lavadeiras e o terreno ficou em 1870 como res nullius , até que a Câmara Municipal, por volta de 1885 na pessoa do seu então presidente, o Dr. João Mendes de Almeida , tentou fazer ali um chafariz, para beneficiar os moradores do Marco da Meia Legoa . A isto se opôs o Sr. Carlos Augusto Bresser , forte proprietário de terrenos no bairro, dizendo que seria melhor fazer-se naquele ponto uma Capela; que, embora modesta, poderia ser de grande proveito para os fiéis católicos do bairro. A câmara municipal concordou com Sr. Carlos Augusto Bresser, tendo sido então criada uma comissão que ia se encarregar da construção de uma Capela no terreno aludido. Formou-se então uma comissão composta pelos Srs.: Carlos Augusto Bresser, Comendador José Monteiro Pinheiro e João Bohemer , todos proprietários abastados no bairro e vizinhos muitos próximos do local em questão. Dando inicio imediato às obras da primitiva Capela que ia ser erigida em honra a São João Batista, em homenagem ao Sr. João Bohemer, um dos grandes beneméritos da nossa Paroquia. E a construção da primitiva Capelinha prosseguia, mas, como surge dificuldade em todas as boas obras, a comissão também teve que, para solidificar a sua obra, um enorme empecilho na cobertura do edifício, aconteceu um desmoronamento na construção, a comissão não poupou esforços para reparar o desmoronamento, depois de proceder a solidificação  dos alicerces, conforme exigiam as proporções do edifício e as condições pouco vantajosas e firmes do terreno. No dia 2 de fevereiro de 1889, o Revmo. Pe. Cândido Correa, então Vigário de São José do Belém, procedeu solenemente à benção da nova Capela, celebrando em seguida a sua 1ª Missa. Durante o espaço de dois anos o movimento religioso da Capela foi pouco considerável, porque não tendo Capelão certo só havia a Santa Missa aos domingos e dias santos. Em 1901, os frades capuchinhos iniciaram a ação católica nesta Capela. Trabalharam incessantemente; pregaram ao povo, chamando-o à prática dos seus deveres religiosos; ensinaram o Catecismo; prepararam crianças para a primeira comunhão; fundaram diversas práticas de piedade, como a recitação do terço do rosário, a devoção ao Sagrado Coração de Jesus e de Maria Santíssima. Entre estes franciscanos muito se distinguiu Frei Daniel , pela sua assiduidade e zelo verdadeiramente apostólico que sempre manifestou no seu nobre ministério sacerdotal. Ainda neste ano, o estimado Pe. Martins Ladeira assumiu a direção da capela de São João Batista, a convite da benemérita Dª Ana Bresser, e vinha em todos os domingos e dias santificados celebrar o Santo Sacrifício na Capela. “Em agosto de 1908, o Exmo. Sr. Arcebispo Metropolitano, Dom Duarte Leopoldo e Silva, encarregou o Mons. José Rodrigues Sekhler como Vigário do Braz, para iniciar as obras da nova parte do templo e aumentar e preparar a criação da nova Paróquia. Mons. Rodrigues Sekhler, com muito esforço, conseguiu lançar os alicerces da nova parte da construção que iria se iniciar, para adaptar a Capela à Matriz da nova Paróquia prestes a ser criada.” Estando tudo preparado para o início das obras da nova Matriz, tendo-se obtido a licença por uma especial lei da Câmara Municipal para se construir no mesmo lugar da antiga, era chegado o momento de se pôr mãos à obra e iniciar, sem perda de tempo, a tão preciosa construção. De acordo com o Exmo. Sr. Arcebispo Metropolitano marcou-se o dia 24 de junho de 1916. Chegado que foi o dia, às 3 horas da tarde, compareceu o Exmo. Sr. Arcebispo , em companhia de Monsenhor Dr. Benedito de Souza, D. D. Vigário-Geral e orador oficial da festa. Às 15 horas já era grande a multidão de paroquianos no Largo da Matriz. Além do Sr. Arcebispo Metropolitano e Mons. Dr. Benedito de Souza , compareceram à solenidade os Revmos. Srs. Cônegos: Antônio Augusto Lessa, José Hygino de Campos e José Joaquim Rodrigues de Carvalho; Revmos. Padres José Ferreira de Seixas, coadjutor; José Francisco e Chagas, redentoristas; Padre Luiz Peres, Agostiniano, e o Revmo. Padre Luiz Gonzaga Rizzo – Secretário Particular do Exmo. Sr. Arcebispo. Todas as Associações Paroquiais, com os seus estandartes e respectivos distintivos, numerosos paroquianos de um e outro sexo, velhos e velhas, moços, meninos e crianças. Também se fizeram representar as associações do Brás, São José e da Penha. Ao repicar festivo dos sinos, chegava o Exmo. Sr. Arcebispo, à hora marcada, sendo recebido com toa honra devida à sua dignidade. Em seguida, começou a cerimônia do lançamento da 1ª pedra da nova Matriz. O Sr. Arcebispo revestiu-se de seus paramentos pontificais, mitra e báculo, encaminhando-se para o local apropriado, onde foi propositalmente levantado um Altar. Acolitavam Sua Excia. Revma o Exmo. Revmo. Monsenhor Dr. Benedito de Souza, D. D. Vigário-Geral, Cônego Antônio Augusto Lessa, Tesoureiro-Mor, Cônego Dr. Hygino de Campos, Vigário do Brás e Cônego Meirelles Freire, Vigário de São João Batista. Feita toda a cerimônia, cantada que foi a ladainha de todos os santos, o Sr. Arcebispo desceu ao local para lançar a 1ª pedra. Terminada toda a cerimônia, o Exmo. Revmo. Sr. Monsenhor Vigário-Geral subiu à tribuna para, como orador oficial, produzir o discurso oficial, o que conseguiu Sua Excia., ouvido sempre em meio do maior respeito e silêncio, apesar da multidão que atentamente o ouvia no vasto largo da Matriz. Sua Excia. Falou sobre a cerimônia, do momento, que alta significação tinha ela na Igreja de Deus; o quanto se achava satisfeito o Exmo. Sr. Arcebispo naquele momento em que mais uma vez lançava na sua Arquidiocese a pedra fundamental de um novo templo levantado à Glória do Senhor. Convidou os paroquianos de São João Batista a auxiliarem o seu Vigário no desempenho da sua missão, para que brevemente naquele mesmo lugar se possa ver um templo suntuoso, um novo templo, que seja para as gerações futuras o atestado da fé e valor dos paroquianos de São João Batista. Monsenhor Benedito de Souza terminou o seu belíssimo discurso, que causou excelente impressão, em meio do maior entusiasmo, recebendo depois muitos cumprimentos. Engenheiros e Ata da Matriz – A planta da nova Matriz foi feita pelo distinto engenheiro civil Dr. Heribaldo Siciliano , que com a melhor boa vontade tem se esforçado pela obra, e desinteressadamente. No ato foi sua Excia. representado pelo Arquiteto Alberto Sironi , seu auxiliar de escritório. A ata que foi encerrada na urna é um belíssimo trabalho, contém uma belíssima alegoria, trabalho do pintor Petrilli , feita em pergaminho, sendo os esplêndidos tipos de letra em sistema gótico. A Paróquia São João Batista do Brás nos mais de 100 anos de sua existência, com sua fundação, ainda como uma singela Capela no período da Monarquia, presenciou a proclamação da República, passou pela gripe espanhola, viu o bairro do Brás se modificar com a industrialização, e com a chegada de  imigrantes  italianos e espanhóis, passou por revoluções de 1924 e 1932, foi testemunha de vários fatos históricos no Brasil e no mundo, continua a receber os devotos de São João Batista do Brás, que vem de vários lugares para agradecer uma graça alcançada, foi a primeira Paróquia criada na arquidiocese de São Paulo, logo após ser elevada de Diocese para Arquidiocese. A Paróquia São João Batista continuara exercendo sua missão no bairro do Brás, e na Cidade de São Paulo, sendo testemunha de Deus no meio do Povo. Arquidiocese de São Paulo História da Arquidiocese Arcebispo Metropolitano Bispos Auxiliares e Vigários Episcopais Cúria Metropolitana Tribunal Eclesiástico Arquivo Metropolitano Paróquias e Igrejas Clero Organização Pastoral Regiões e Vicariatos Região Episcopal Belém Região Episcopal Brasilândia Região Episcopal Ipiranga Região Episcopal Lapa Região Episcopal Santana Região Episcopal Sé Vicariato da Caridade Social Vicariato para a Pastoral da Comunicação Vicariato para a Educação e a Universidade Vicariato para a Pastoral da Saúde e dos Enfermos Agenda da Arquidiocese Veículos de Comunicação Assessoria de Imprensa Jornal O São Paulo Rádio 9 de Julho Folheto Povo de Deus Contato Política de Privacidade © 2025 - Arquidiocese de São Paulo",,https://arquisp.org.br/regiao-belem/paroquia-sao-joao-batista-bras/,,
São João Batista - Chácara Califórnia - Arquidiocese de São Paulo,(11) 2296-4457,"Rua Coronel Marques, 174, Chácara Califórnia",São Lucas,"de cura e libertação (que acontecem toda primeira quinta-feira do mês),Pe. Renato tem conseguido transmitir seu amor a Deus e as escrituras, de tal forma que atrai cada vez mais pessoas, que vem a procura de paz para seus corações e bençãos para sua vida. Deus tem sido generoso durante nossa caminhada o que nos faz ter orgulho de pertencer a esta comunidade. Arquidiocese de São Paulo História da Arquidiocese Arcebispo Metropolitano Bispos Auxiliares e Vigários Episcopais Cúria Metropolitana Tribunal Eclesiástico Arquivo Metropolitano Paróquias e Igrejas Clero Organização Pastoral Regiões e Vicariatos Região Episcopal Belém Região Episcopal Brasilândia Região Episcopal Ipiranga Região Episcopal Lapa Região Episcopal Santana Região Episcopal Sé Vicariato da Caridade Social Vicariato para a Pastoral da Comunicação Vicariato para a Educação e a Universidade Vicariato para a Pastoral da Saúde e dos Enfermos Agenda da Arquidiocese Veículos de Comunicação Assessoria de Imprensa Jornal O São Paulo Rádio 9 de Julho Folheto Povo de Deus Contato Política de Privacidade © 2025 - Arquidiocese de São Paulo",,https://arquisp.org.br/regiao-belem/paroquia-sao-joao-batista-chacara-california/,,
São João Batista – Jardim Colonial - Arquidiocese de São Paulo,(11) 2919-0385,"Avenida José Velho Barreto, 281, Parque Colonial",Sant’Ana e São Joaquim,,,https://arquisp.org.br/regiao-belem/paroquia-sao-joao-batista-jardim-colonial/,,
São José do Belém - Arquidiocese de São Paulo,(11) 2693-1548,"Largo São José do Belém, s/nº, Belenzinho",Santa Maria e São José,"Domingo: 07h30, 11h e 19h Segunda-feira: 12h Terça, quarta e sexta-feira: 19h Quinta-feira: Adoração ao Santíssimo às 19h Sábado: 17h",,https://arquisp.org.br/regiao-belem/paroquia-sao-jose-belem/,,
São José de Anchieta - Arquidiocese de São Paulo,(11) 2012-4743,"Rua Fernandes Tourinho, 182, Jardim Vera Cruz",Sant’Ana e São Joaquim,Segunda-feira: 15h Quarta-feira à sábado: 19h30 Domingo: 10h e 18h,,https://arquisp.org.br/regiao-belem/paroquia-sao-jose-de-anchieta/,,
São José do Maranhão - Arquidiocese de São Paulo,(11) 2294-0288,"Largo São José do Maranhão, 180, Maranhão",São Lucas,,,https://arquisp.org.br/regiao-belem/paroquia-sao-jose-do-maranhao/,,
São Judas Tadeu - Arquidiocese de São Paulo,(11) 2296-5635,"Rua Padre Estevão Pernet, 1484, Vila Gomes Cardim",São Lucas,,,https://arquisp.org.br/regiao-belem/paroquia-sao-judas-tadeu/,-23.5417053,-46.5658715
São Marcos Evangelista – Parque São Rafael - Arquidiocese de São Paulo,(11) 2012-8984,"Rua Professor Ciro Formicola, 17, Parque São Rafael",Sant’Ana e São Joaquim,,,https://arquisp.org.br/regiao-belem/paroquia-sao-marcos-evangelista-parque-sao-rafael/,,
São Mateus Apóstolo - Arquidiocese de São Paulo,(11) 3384-4597,"Rua Antônio Previato, 1343, Cidade São Mateus",Sant’Ana e São Joaquim,,,https://arquisp.org.br/regiao-belem/paroquia-sao-mateus-apostolo/,,
São Miguel Arcanjo – Belém - Arquidiocese de São Paulo,(11) 2692-6798,"Rua Taquari, 1100, Mooca",Santa Maria e São José,"Segunda à sexta-feira: 07h Domingo: 07h30, 10h e 18h Por volta de 1870, Miguel Aliano, jovem italiano, veio ao Brasil junto com outras pessoas em busca de trabalho, fugindo da situação difícil em que a Europa se encontrava. Saiu da Itália rumo ao Brasil em um “vapor”. O mau tempo com ventos em direções opostas fez com que a viagem, que normalmente demorava por volta de três meses, levasse longos meses. O sofrimento foi muito grande, muitas pessoas morreram e seus corpos atirados ao mar, fazendo com que muitos temessem não chegar ao destino. Miguel, lembrando-se da fé que sua mãe lhe havia passado, pediu a São Miguel Arcanjo o milagre de chegar ao destino, prometendo que, quando tivesse condições, voltaria à Itália para buscar a imagem do protetor e então mandaria erguer uma capela em sua honra. Miguel chegou, trabalhou e assim que possível cumpriu a promessa: a capela foi erguida na rua Bráulio Gomes, no centro de São Paulo, em 1891 por Miguel Aliano e Ana Maria Olga Aliano. Com a chegada do progresso à região, a área em que ficava a capela foi desapropriada. Assim, em 1938 os sucessores de Miguel Aliano a transferiram para o bairro da Mooca, na zona leste. Na década de 60, a capela foi doada à Cúria Metropolitana. Em 21 de abril de 1960, foi celebrada a primeira missa como paróquia. Miguel Aliano, ao construir a capela em devoção a São Miguel Arcanjo, não tinha nenhuma intenção de que fosse exclusiva da família, mas sim para uma comunidade. Seu anseio se realizou e hoje a devoção a São Miguel impulsiona a comunidade para uma vida cristã no seguimento de Jesus. Arquidiocese de São Paulo História da Arquidiocese Arcebispo Metropolitano Bispos Auxiliares e Vigários Episcopais Cúria Metropolitana Tribunal Eclesiástico Arquivo Metropolitano Paróquias e Igrejas Clero Organização Pastoral Regiões e Vicariatos Região Episcopal Belém Região Episcopal Brasilândia Região Episcopal Ipiranga Região Episcopal Lapa Região Episcopal Santana Região Episcopal Sé Vicariato da Caridade Social Vicariato para a Pastoral da Comunicação Vicariato para a Educação e a Universidade Vicariato para a Pastoral da Saúde e dos Enfermos Agenda da Arquidiocese Veículos de Comunicação Assessoria de Imprensa Jornal O São Paulo Rádio 9 de Julho Folheto Povo de Deus Contato Política de Privacidade © 2025 - Arquidiocese de São Paulo",,https://arquisp.org.br/regiao-belem/paroquia-sao-miguel-arcanjo-belem/,-23.5479462,-46.5938347
São Miguel Arcanjo – Jardim da Conquista - Arquidiocese de São Paulo,(11) 2736-2248,"Travessa Pé de Manacá, 57, Jardim da Conquista",Sant’Ana e São Joaquim,,,https://arquisp.org.br/regiao-belem/paroquia-sao-miguel-arcanjo-jardim-da-conquista/,,
São Paulo Apóstolo – Belém - Arquidiocese de São Paulo,(11) 2605-4100,"Rua Tobias Barreto, 1320, Mooca",Santa Maria e São José,,,https://arquisp.org.br/regiao-belem/paroquia-sao-paulo-apostolo-belem/,-23.5520884,-46.5902925
São Paulo Apóstolo – IV Centenário - Arquidiocese de São Paulo,(11) 2725-1398,"Rua Miguel Ramos de Moura, 86, Jardim IV Centenário",Sant’Ana e São Joaquim,,,https://arquisp.org.br/regiao-belem/paroquia-sao-paulo-apostolo-iv-centenario/,,
São Pedro Apóstolo – Jd. Independência - Arquidiocese de São Paulo,(11) 2211-4241,"Avenida Alberto Ramos, 614, Jardim Independência",Santa Maria Madalena,,,https://arquisp.org.br/regiao-belem/paroquia-sao-pedro-apostolo-jd-independencia/,,
São Pedro Apóstolo – Mooca - Arquidiocese de São Paulo,(11) 2965-4127,"Rua Ibitinga, 838, Vila Oratório",Santa Maria e São José,,,https://arquisp.org.br/regiao-belem/paroquia-sao-pedro-apostolo-mooca/,-23.6586668,-46.4660263
São Pedro Apóstolo – Vila Industrial - Arquidiocese de São Paulo,(11) 2143-1546,"Avenida do Oratório, 6276, Vila Industrial",Santa Maria Madalena,,,https://arquisp.org.br/regiao-belem/paroquia-sao-pedro-apostolo-vila-industrial/,,
São Pio X e Santa Luzia - Arquidiocese de São Paulo,(11) 2965-5333,"Avenida Sapopemba, 1500, Vila Regente Feijó",Santa Maria Madalena,,,https://arquisp.org.br/regiao-belem/paroquia-sao-pio-x-e-santa-luzia/,-23.5700616,-46.5696294
São Rafael - Arquidiocese de São Paulo,(11) 2292-4528,"Largo São Rafael, s/nº, Mooca",Santa Maria e São José,"Domingo: 09h, 11h e 18h Segunda-feira: 16h e 19h Terça a sexta-feira: 19h Sábado: 16h",,https://arquisp.org.br/regiao-belem/paroquia-sao-rafael/,,
São Sebastião - Mascarenhas de Moraes - Arquidiocese de São Paulo,(11) 2962-6560,"Rua Tenente Godofredo Cerqueira Leite, 300, Fazenda da Juta",São Timóteo,,,https://arquisp.org.br/regiao-belem/paroquia-sao-sebastiao-mascarenhas-de-moraes/,-23.6172165,-46.4980764
São Vicente Pallotti e São Pedro Apóstolo - Arquidiocese de São Paulo,(11) 2673-1060,"Rua dos Povoadores, 123 - Vila Antonina",São Lucas,,,https://arquisp.org.br/regiao-belem/paroquia-sao-vicente-pallotti-e-sao-pedro-apostolo/,,
